"Customer cohort quarter","Quarters since first purchase","Orders","Net sales","Customers"
"2014-01-01",42,1,83.912,1
"2014-01-01",45,1,29.696,1
"2014-04-01",37,1,4.978,1
"2014-04-01",48,1,5.99,1
"2014-10-01",36,1,93.206,1
"2015-01-01",35,2,110.519,2
"2015-01-01",36,1,40.111,1
"2015-01-01",37,1,71.333,1
"2015-01-01",38,1,108.009,1
"2015-01-01",40,1,62.019,1
"2015-01-01",41,1,63.013,1
"2015-01-01",42,1,139.827,1
"2015-04-01",37,1,124.087,1
"2015-10-01",33,1,177.645,1
"2015-10-01",40,3,27.38,2
"2015-10-01",41,1,0,1
"2016-01-01",30,1,25.97,1
"2016-01-01",33,1,49.83,1
"2016-01-01",34,1,82.72,1
"2016-01-01",35,1,76.134,1
"2016-04-01",29,1,13.99,1
"2016-04-01",30,1,14.99,1
"2016-04-01",40,1,12.99,1
"2016-10-01",32,1,79.229,1
"2016-10-01",35,1,58.374,1
"2017-01-01",30,1,76.829,1
"2017-04-01",36,1,89.97,1
"2017-07-01",24,1,19.99,1
"2017-07-01",25,2,176.88,2
"2017-07-01",26,1,127.387,1
"2017-07-01",27,1,144.78,1
"2017-07-01",28,3,224.665,3
"2017-07-01",29,2,392.723,2
"2017-07-01",33,1,63.61,1
"2018-01-01",22,1,56.08,1
"2018-01-01",23,2,120.94,2
"2018-01-01",24,1,46.939,1
"2018-01-01",25,2,65.579,1
"2018-01-01",26,1,56.736,1
"2018-01-01",27,1,82.443,1
"2018-01-01",28,1,74.821,1
"2018-01-01",29,2,110.141,2
"2018-01-01",32,1,77.45,1
"2018-01-01",33,2,74.93,2
"2018-04-01",22,1,59.47,1
"2018-04-01",23,1,27.081,1
"2018-04-01",24,1,79.604,1
"2018-04-01",25,1,63.873,1
"2018-04-01",26,1,46.888,1
"2018-04-01",32,1,76.48,1
"2018-04-01",33,1,49.98,1
"2018-07-01",20,1,49.47,1
"2018-10-01",24,1,155.2,1
"2018-10-01",26,1,61.033,1
"2018-10-01",28,1,44.47,1
"2019-01-01",27,2,150.23,1
"2019-01-01",28,2,108.62,1
"2019-04-01",17,1,65.57,1
"2019-07-01",16,1,57.98,1
"2019-07-01",17,1,24.99,1
"2019-07-01",22,1,19.066,1
"2019-10-01",15,2,120.94,2
"2019-10-01",16,1,47.96,1
"2019-10-01",18,1,52.744,1
"2019-10-01",21,1,65.846,1
"2019-10-01",23,1,62.913,1
"2019-10-01",24,1,45.47,1
"2020-04-01",23,1,55.62,1
"2020-07-01",12,2,74.96,2
"2020-07-01",14,2,36.777,2
"2020-07-01",15,1,45.037,1
"2020-07-01",16,1,37.051,1
"2020-07-01",17,2,95.49,2
"2020-07-01",18,1,81.976,1
"2020-07-01",19,1,65.574,1
"2020-07-01",20,1,39.004,1
"2020-10-01",11,2,125.43,2
"2020-10-01",12,2,83.84,2
"2020-10-01",13,2,145.008,2
"2020-10-01",15,1,57.858,1
"2020-10-01",16,2,107.466,2
"2020-10-01",17,1,87.018,1
"2020-10-01",18,1,79.872,1
"2020-10-01",19,3,181.035,3
"2020-10-01",20,2,67.97,2
"2020-10-01",22,2,86.93,2
"2021-01-01",10,7,605.96,7
"2021-01-01",11,8,732.44,6
"2021-01-01",12,3,334.813,3
"2021-01-01",13,3,254.804,3
"2021-01-01",14,3,357.221,2
"2021-01-01",15,3,367.206,2
"2021-01-01",16,4,479.806,3
"2021-01-01",17,1,52.788,1
"2021-01-01",18,2,214.831,2
"2021-01-01",19,10,460.91,7
"2021-01-01",20,9,336.06,4
"2021-01-01",21,12,366.28,9
"2021-04-01",9,5,341.47,5
"2021-04-01",10,3,127.91,3
"2021-04-01",11,3,140.936,3
"2021-04-01",12,1,79.332,1
"2021-04-01",13,1,34.236,1
"2021-04-01",14,2,51.358,2
"2021-04-01",15,3,225.874,3
"2021-04-01",16,2,80.873,2
"2021-04-01",18,4,235.48,4
"2021-04-01",19,1,64.96,1
"2021-04-01",20,3,86.26,2
"2021-04-01",21,1,69.94,1
"2021-07-01",8,3,66.45,1
"2021-07-01",9,3,123.34,2
"2021-07-01",10,3,268.163,3
"2021-07-01",12,1,20.198,1
"2021-07-01",13,1,105.106,1
"2021-07-01",14,1,20.071,1
"2021-07-01",15,1,92.003,1
"2021-07-01",18,3,122.13,3
"2021-07-01",19,2,85.42,2
"2021-07-01",20,1,73.19,1
"2021-10-01",7,3,202.175,3
"2021-10-01",8,10,585.691,8
"2021-10-01",9,2,168.625,2
"2021-10-01",10,6,498.979,5
"2021-10-01",11,1,151.849,1
"2021-10-01",12,4,231.985,3
"2021-10-01",13,4,172.526,4
"2021-10-01",14,2,184.648,1
"2021-10-01",16,5,281.19,5
"2021-10-01",17,7,229.93,2
"2021-10-01",18,4,119.96,2
"2022-01-01",6,9,354.314,9
"2022-01-01",7,7,291.319,4
"2022-01-01",8,3,189.031,3
"2022-01-01",9,6,383.38,5
"2022-01-01",10,1,89.146,1
"2022-01-01",11,6,421.854,6
"2022-01-01",12,2,120.149,2
"2022-01-01",13,3,220.081,3
"2022-01-01",14,1,202.281,1
"2022-01-01",16,3,181.5,3
"2022-01-01",17,5,150.43,4
"2022-04-01",5,8,389.225,7
"2022-04-01",6,8,498.83,5
"2022-04-01",7,2,56.677,2
"2022-04-01",8,2,36.244,1
"2022-04-01",9,1,19.934,1
"2022-04-01",10,4,119.658,2
"2022-04-01",11,5,173.179,4
"2022-04-01",12,3,59.098,2
"2022-04-01",13,3,65.09,2
"2022-04-01",14,2,67.05,2
"2022-04-01",15,2,33.23,2
"2022-04-01",16,2,71.45,2
"2022-04-01",17,1,33.98,1
"2022-07-01",3,0,-8.99,0
"2022-07-01",4,2,110.74,2
"2022-07-01",5,7,331.84,4
"2022-07-01",6,4,244.012,2
"2022-07-01",7,2,158.714,2
"2022-07-01",9,1,38.669,1
"2022-07-01",11,1,75.309,1
"2022-07-01",12,1,59.746,1
"2022-07-01",13,2,84.64,2
"2022-10-01",3,2,114.35,2
"2022-10-01",4,10,556.762,9
"2022-10-01",5,3,88.479,3
"2022-10-01",6,3,206.072,3
"2022-10-01",7,1,103.87,1
"2022-10-01",8,3,240.375,2
"2022-10-01",9,2,48.41,2
"2022-10-01",12,4,144.96,2
"2022-10-01",13,2,101.96,2
"2022-10-01",14,7,306.33,6
"2023-01-01",2,13,502.34,11
"2023-01-01",3,9,481.09,9
"2023-01-01",4,7,316.661,4
"2023-01-01",5,7,363.657,4
"2023-01-01",6,5,194.721,3
"2023-01-01",7,7,306.544,5
"2023-01-01",8,3,124.32,2
"2023-01-01",9,2,158.001,2
"2023-01-01",10,1,105.004,1
"2023-01-01",11,5,294.17,5
"2023-01-01",12,6,268.89,6
"2023-01-01",13,6,252.84,5
"2023-04-01",1,4,65.16,3
"2023-04-01",2,2,74.44,2
"2023-04-01",3,2,108.958,2
"2023-04-01",4,3,108.857,3
"2023-04-01",6,2,55.686,2
"2023-04-01",7,3,138.141,2
"2023-04-01",8,1,68.984,1
"2023-04-01",10,3,53.19,1
"2023-04-01",11,1,19.49,1
"2023-04-01",12,2,32.99,2
"2023-07-01",-1,64,2574.834,64
"2023-07-01",0,2,96.96,2
"2023-07-01",1,8,644.205,7
"2023-07-01",2,2,111.525,2
"2023-07-01",4,1,58.434,1
"2023-07-01",6,2,121.787,2
"2023-07-01",8,4,260.461,4
"2023-07-01",9,2,59.47,2
"2023-07-01",10,2,88.2,1
"2023-07-01",11,2,86.43,2
"2023-10-01",-1,182,7372.012,182
"2023-10-01",0,5,158.44,5
"2023-10-01",1,5,261.744,4
"2023-10-01",2,4,158.919,4
"2023-10-01",3,4,240.712,4
"2023-10-01",4,10,928.467,10
"2023-10-01",5,6,333.879,6
"2023-10-01",6,3,138.649,3
"2023-10-01",7,4,232.23,4
"2023-10-01",8,2,57,2
"2023-10-01",9,4,236.65,3
"2023-10-01",10,6,420.29,5
"2024-01-01",-1,52,2221.269,52
"2024-01-01",0,2,63.279,2
"2024-01-01",1,3,133.518,3
"2024-01-01",2,5,297.698,5
"2024-01-01",4,1,14.047,1
"2024-01-01",6,1,52.794,1
"2024-01-01",7,1,48.58,1
"2024-01-01",9,2,77.94,2
"2024-04-01",-1,40,1216.783,40
"2024-04-01",0,3,188.506,2
"2024-04-01",1,2,31.752,1
"2024-04-01",2,3,70.873,3
"2024-04-01",3,6,237.037,6
"2024-04-01",4,3,161.871,2
"2024-04-01",5,2,69.058,2
"2024-04-01",6,2,71.74,2
"2024-04-01",7,2,59.95,1
"2024-04-01",8,5,266.34,4
"2024-04-01",9,1,33.97,1
"2024-07-01",-1,31,1531.562,31
"2024-07-01",0,1,32.819,1
"2024-07-01",1,6,252.719,6
"2024-07-01",2,3,185.195,2
"2024-07-01",3,1,169.886,1
"2024-07-01",4,1,43.976,1
"2024-07-01",5,3,39.98,3
"2024-07-01",6,3,94.97,1
"2024-07-01",7,4,258.89,4
"2024-10-01",-1,57,2692.253,57
"2024-10-01",1,2,119.503,2
"2024-10-01",2,3,225.6,2
"2024-10-01",3,1,20.869,1
"2024-10-01",4,2,52.47,2
"2024-10-01",6,1,29.99,1
"2025-01-01",-1,34,1152.567,34
"2025-01-01",0,3,97.38,2
"2025-01-01",1,3,260.022,2
"2025-01-01",2,1,43.791,1
"2025-01-01",3,4,152.51,4
"2025-01-01",5,1,79.98,1
"2025-04-01",-1,27,1078.983,27
"2025-04-01",0,4,110.725,3
"2025-04-01",1,5,135.205,4
"2025-04-01",2,9,344.31,5
"2025-04-01",3,3,103.24,3
"2025-04-01",4,4,183.87,3
"2025-07-01",-1,135,4826.954,135
"2025-07-01",0,3,147.961,3
"2025-07-01",1,68,2592.36,41
"2025-07-01",2,43,1559.09,21
"2025-07-01",3,35,1176.08,18
"2025-10-01",-1,2986,99709.815,2986
"2025-10-01",0,1048,30201.25,787
"2025-10-01",1,2485,78947.05,1273
"2025-10-01",2,1459,47240.11,684
"2025-10-01",3,92,3352.39,86
"2026-01-01",-1,3738,124234.2,3738
"2026-01-01",0,2354,73734.36,1709
"2026-01-01",1,3850,121604.96,1870
"2026-01-01",2,214,7154.04,209
"2026-04-01",-1,3536,121491.16,3536
"2026-04-01",0,1984,60812.25,1461
"2026-04-01",1,349,11043.73,342
"2026-07-01",-1,385,13742.22,385
"2026-07-01",0,1,59.99,1
