"Product title","Quantity ordered","Net sales","Orders"
"Ashwagandha Coffee",2599,115600.15,2527
"Double Spice Masala Chai Tea, 3.53 oz",1557,22315.29,854
"Insulated Stainless Steel Tumbler",1534,22.5,1533
"Gift Kit with Wooden Scoop, Stainless Steel Straw & Complimentary Tea Bags",1499,63.9,1498
"India's Original Masala Chai Tea, 12 oz",1464,31108.79,966
"Turmeric Ginger Herbal Tea Tisane, 100 Count",1195,22389.67,907
"Ashwagandha 1800 mg Capsules with KSM-66®",1189,33118.91,1179
"Daily Assam Black Tea, 12 oz",1155,21140.57,831
"English Breakfast Black Tea, 12 oz",1086,19862.93,774
"Stainless Steel Classic Tea Infuser, 3.9 Inches",933,1006.95,916
"Ashwagandha Coffee Refill (1)",809,28209.3,801
"Earl Grey Black Tea, 12 oz",701,14247.79,523
"Cardamom Masala Chai Tea, 3.53 oz",694,9039.73,427
"India's Original Masala Chai Tea, 100 Count",687,14331.28,550
"Advent Calendar Tea Bags Gift Set, 120 Teas",686,40285.54,600
"Himalayan Green Tea, 12 oz",676,15762.09,473
"Sweet Cinnamon Masala Chai Tea, 3.53 oz",660,7978.18,424
"Shimmer, Borosilicate Double-Walled Teacup",655,310.86,651
"Vanilla Spiced Masala Chai Tea, 3.53 oz",626,7550.28,459
"Signature Private Reserve Gift Set, 24 Teas",614,26487.81,500
"Turmeric Ashwagandha Herbal Tea Tisane, 100 Count",592,12085.91,505
"Daily Darjeeling Second Flush Black Tea, 12 oz",582,12512.02,443
"Turmeric Ginger Herbal Tea Tisane, 3.53 oz",546,7920.91,402
"India's Original Masala Chai Tea, 3.53 oz",539,5782.06,408
"Organic Himalayan Green Tea, 100 Count",514,9566.56,378
"Herbal Tea Assortment, Gift Set, 36 Teas",498,8944.56,308
"Blush, Tea Gift Set, 3 Teas",493,8037.7,313
"Ginger Masala Chai Tea, 3.53 oz",486,6989.68,306
"Classic Advent Calendar, Gift Set, 24 Teas",476,29460.27,447
"Founder's Select Gift Set, 36 Teas",463,6645.78,327
"Assorted Selection Tea Sampler, 15 Variants",448,3719.18,359
"Chai Tea Assortment Gift Set, 12 Teas",440,13736.55,343
"Turmeric Curcumin 2000mg with Boswellia & Piperine",439,11410.29,435
"Chai Tea Private Reserve Gift Set, 3 Teas",400,8513.75,250
"Assam Exotic Second Flush Black Tea, 3.53 oz",368,4482.1,281
"Turmeric Spiced Herbal Tea Tisane, 100 Count",364,7388.5,313
"Assorted Chai Teas Sampler, 5 Variants",358,4228.07,305
"Perfect Serve Spoon",351,2374.6,329
"Chai Tea Assortment, Gift Set, 36 Teas",348,6493,289
"Ashwagandha Coffee (1 Pack)",335,12678.15,324
"Applause CTC Assam Summer Black Tea, 340gm /12oz",328,5609.68,200
"Turmeric Moringa Herbal Tea Tisane, 100 Count",321,6431.73,272
"Hibiscus Rose Herbal Tea Tisane, 100 Count",315,7164.29,287
"Assorted Black Teas Sampler, 5 Variants",313,3052.85,255
"Turmeric Ginger Latte Mix, 3.53 oz",304,3592.74,186
"Assam Gold Second Flush Black Tea, 3.53 oz",303,6331.3,221
"Butterfly Pea Flower Tea Herbal Tea Tisane, 1.76 oz",300,2622.33,212
"Sweet Cinnamon Masala Chai Tea, 30 Count",299,4035.62,267
"Cardamom Masala Chai Tea, 100 Count",297,6440.32,243
"English Breakfast Black Tea, 100 Count",289,5463.75,225
"Pure Mint Herbal Tea Tisane, 100 Count",279,5571.02,249
"Citrus Ginger Herbal Tea Tisane, 3.53 oz",266,3239.97,224
"Classic Chamomile Herbal Tea Tisane, 100 Count",258,5492.49,229
"Himalayan Pearls Green Tea, 3.53 oz",257,3512.51,201
"Blooming Rose Black Tea, 3.53 oz",256,4060.4,202
"Imperial Himalayan White Tea, 1.76 oz",253,3055.87,167
"Foldable Advent Calendar Tea Gift, 24 Teas, 1.69 Oz, 48g",253,4264,183
"Vanilla Matcha Green Tea Powder, 3.53 oz",247,2242.34,164
"Bloom, Tea Gift Set, 12 Teas",245,9767.37,213
"Turmeric Ashwagandha Instant Mix, 3.53 oz",244,2938.61,185
"Unitea - Blend of Darjeeling & Assam Black Tea, 12 oz",244,4862.92,193
"Insulated Stainless Steel Cruise Tumbler (Black)",244,300.91,242
"Chocolate Vanilla Herbal Tea Tisane, 3.53 oz",241,3623.2,179
"Weekend in Paris, Gift Set, 9 Teas",234,5703.16,214
"Maharani Chai Spiced Oolong Tea, 3.53 oz",232,2936.97,125
"Turmeric Spiced Herbal Tea Tisane, 30 Count",231,2693.42,193
"Green Tea Assortment, Gift Set, 36 Teas",231,4026.7,179
"Darjeeling Premium First Flush Black Tea, 3.53 oz",230,2799.96,197
"Pure Matcha Green Tea Powder, Culinary Grade, 3.53 oz",224,3301.98,159
"Darjeeling Muscatel Imperial Black Tea, 3.53 oz",224,3609.9,153
"Turmeric Spiced Herbal Tea Tisane, 3.53 oz",224,2858.39,166
"Kashmiri Kahwa Masala Chai Green Tea, 3.53 oz",220,2848.28,183
"Weekend in Taj Mahal, Gift Set, 8 Teas",216,5353.23,156
"Lopchu Golden Orange Pekoe Darjeeling Second Flush Black Tea, 3.53 Oz",214,3462.48,148
"Ashwagandha Coffee 3 Packs (2+1 Free Pack + 7 FREE Gifts worth $48 Additional)",211,15460.12,211
"Earl Grey Masala Chai Tea, 3.53 oz",209,2742.8,169
"Saffron Premium Masala Chai Tea, 3.53 oz",208,2983.5,181
"Earl Grey Black Tea, 100 Count",205,3897.81,184
"Turmeric Tea Variety Pack, 20 Teas",202,1126.79,128
"Earl Grey Citrus Green Tea, 3.53 oz",201,3051,153
"Vanilla Spiced Masala Chai Tea, 100 Count",200,4108.12,157
"Himalayan Gold Black Tea, 3.53 oz",198,4192.2,132
"2025 Margaret's Hope Premium Darjeeling Second Flush Black Tea  DJ 331",198,3647.92,137
"Darjeeling Summer Black Tea, 100 Count",197,3942.99,154
"Classic Tea Sampler, Gift Set, 24 Teas",196,2898.4,124
"Foldable Advent Calendar Tea Gift, 24 Loose Leaf Teas, 1.69 Oz, 48g",193,3420.59,151
"Imperial Himalayan White Tea Bags, 15 Count",192,2123.33,86
"Herbal Tea Variety Pack, 36 Infusion Bags",191,2810.73,159
"Black Tea Loose Leaf Sampler, 10 Teas",182,3301.09,171
"Butterfly Pea Flower Herbal Tea, 40 Count",181,1815.69,146
"Chamomile Mint Citrus Green Tea, 3.53 oz",179,3048.7,144
"Garlic Powder,2.47 Oz, 70g",179,792.81,125
"Chai Tea Loose Leaf Gift Sampler, 10 Teas",177,3382.95,168
"Tea Infuser & Spoon Trio Set",174,1815.52,172
"Turmeric Ginger Herbal Tea Tisane, 30 Count",174,1901.29,138
"Assam Exotic Black Tea, 100 Count",169,3226.3,138
"Vanilla Spiced Masala Chai Tea, 30 Count",168,1953.79,158
"Imperial Loose Leaf Tea Maker with Infuser",168,3926.56,152
"2025 Castleton Classic Darjeeling Second Flush Black Tea DJ 354",168,3178.21,126
"2025 Okayti Classic Darjeeling Second Flush Black Tea DJ 73",166,2663.57,129
"Ginger Mint Green Tea, 3.53 oz",166,2416.26,114
"Vedic Kadha Herbal Tea Tisane, 100 Count",164,3192.73,152
"Ginger Powder,2.47 Oz, 70g",164,798.26,118
"Darjeeling Premium First Flush Black Tea, 12 oz",161,5005.94,113
"Ashwagandha Coffee (Pack of 2)",161,8310.76,161
"Nilgiri Breakfast Black Tea, 12 oz",159,3437.47,149
"Mint Melody Green Tea, 3.53 oz",152,2552.33,116
"High Mountain Oolong Tea, 3.53 oz",147,1813.85,128
"Assorted Tea Bags Sampler, (40 Pyramid Tea Bags) 20 Flavors",145,2817.2,130
"Darjeeling Spring Black Tea, 100 Count",145,3889.53,109
"2025 Jungpana Muscatel Darjeeling Second Flush Black Tea DJ 120",138,2570.09,115
"Turmeric Chamomile Herbal Tea, 100 Count",136,2838.32,116
"Lemon Ginger Green Tea, 100 Count",136,3059.35,125
"Blue Mountain Nilgiri Oolong Tea, 1.76 oz",134,1648.82,79
"2025 Giddapahar Classic Darjeeling Second Flush Black Tea DJ 74",134,3833.65,113
"Himalayan Green Tea, 3.53 oz",133,1667.36,113
"Ginger Mint Green Tea, 100 Count",129,2586,125
"Sweet Cinnamon Masala Chai Tea, 100 Count",129,2594.22,111
"Turmeric Saffron Herbal Tea Tisane, 3.53 oz",126,2175.06,107
"High Mountain Oolong Tea, 12 oz",126,2971.19,109
"Jasmine Green Tea, 100 Count",121,3145.23,119
"Ashwagandha Coffee (3+3 Packs with 7 Free Gifts worth $48 Included)",117,13428.8,117
"Turmeric Powder, 2.47 Oz, 70g",114,503.69,78
"Imperial Earl Grey White Tea, 1.76 oz",112,2360.69,58
"Clove Whole, 1.76 Oz, 50g",111,650.06,82
"Assorted Green Teas Sampler, 5 Variants",111,1269.8,102
"Hearty Hibiscus Herbal Tea 100 Count",109,1699.93,97
"Chamomile Mint Citrus Green Tea, 30 Count",109,1380.47,94
"2026 Jungpana Premium Darjeeling First Flush Black Tea DJ FF BT/ 100g",108,3127.98,73
"Moringa Powder, 2.47 Oz, 70g",107,691.05,82
"Weekend in London, Gift Set, 9 Teas",107,2496.79,91
"Green Tea Loose Leaf Sampler, 10 Teas",103,2079.94,99
"Turmeric Citrus Ginger Herbal Tea 18 Count",102,728.09,70
"Ashwagandha Powder, 2.47 Oz, 70g",102,717.64,85
"Silver Needle Sparkle White Tea, 1.76 oz",99,2108.14,74
"India's Original Masala Chai Tea, 30 Count",97,1139.63,92
"Christmas Breakfast Gift Set, 9 Teas",96,2946.9,82
"Earl Grey Black Tea, 30 Count",95,1200.32,75
"Organic Himalayan Green Tea, 30 Count",89,1144.12,58
"2025 Castleton Premium Darjeeling First Flush Black Tea DJ 42",87,2050.12,52
"Chamomile Mint Citrus Green Tea, 100 Count",87,2156.43,74
"Maharaja Earl Grey Oolong Tea, 3.53 oz",85,1155.28,68
"2026 Arya Diamond Darjeeling First Flush Black Tea DJ FF BT/ 50g",83,3213.25,61
"Decaf Himalayan Green Tea, 100 Count",81,1561.12,69
"2025 Castleton Moonlight Darjeeling Second Flush Black Tea DJ 373",81,2134.64,62
"Assorted Tea Loose Leaf Sampler, 10 Teas",81,1566.82,45
"Ashwagandha Coffee (80 Servings)",81,5381.47,81
"High Mountain Oolong Tea, 100 Count",78,1718.64,66
"Hibiscus Cranberry Iced Tea | 26 Pitcher Tea Bags",74,1074.43,58
"Oolong Tea Loose Leaf Sampler, 5 Teas",74,1298.29,71
"2025 Okayti Premium Darjeeling First Flush Black Tea OKT 07",73,1690.59,59
"Mint Melody Green Tea, 30 Count",73,917.31,63
"2025 Jungpana Premium Darjeeling First Flush Black Tea DJ 11",73,1715.58,55
"2025 Margaret's Hope Premium Darjeeling First Flush Black Tea DJ 42",72,1872.23,57
"White Mountain Darjeeling Oolong Tea, 1.76 oz",71,1224.58,50
"High Mountain Oolong Tea, 30 Count",70,937.12,58
"Turmeric Matcha Green Tea Powder, 1.76 oz",70,619.31,61
"Moringa 1100 mg High Strength Capsules",70,1965.42,69
"2026 Giddapahar Premium Darjeeling First Flush Tea DJ FF BT/ 100g",69,1928.38,44
"World of Tea Gift Sampler, 20 Teas",69,2097.58,64
"Black Friday Only | Assorted Selection Tea Sampler, 15 Variants With Free Shimmer Cup",68,709.98,33
"Glow, Tea Gift Set, 6 Teas",65,1628.92,61
"Moringa Leaf Herbal Tea, 100 Count",65,973.94,60
"Blue Mountain Nilgiri White Tea, 1.76 oz",61,982.29,51
"English Breakfast Black Tea, 30 Count",61,770.65,58
"Turmeric Ashwagandha Herbal Tea, 18 Count",58,400.88,46
"Ashwagandha Coffee 6 Packs (3+3 Free Packs + 7 FREE Gifts worth $48 Additional)",58,4827.82,58
"Turmeric Tea Tales Gift Set, 6 Teas",57,1970.7,49
"Zingy Ginger Herbal Tea, 100 Count",56,846.78,50
"2025 Halmari Clonal Assam Second Flush Black Tea 533",56,1444.31,52
"Sprightly Spearmint Herbal Tea, 100 Count",56,797.85,49
"Mint Melody Green Tea, 100 Count",54,1236.71,47
"2025 Barnesbeg Premium Darjeeling First Flush Black Tea DJ 10",53,1042.17,39
"Turmeric Ginger Herbal Tea 18 Count",52,317.59,36
"Cinnamon Powder, 2.47 Oz, 70g",51,365.47,45
"Darjeeling Teas Sampler, 10 Teas",50,1194.68,49
"Triphala High Strength with Amla, Bibhitaki, Haritaki Extract",47,1320.21,45
"White Teas Gift Sampler, 4 Teas",44,860.47,43
"24 Spices of Christmas Advent Calendar",43,3567.2,40
"2025 Arya Diamond Darjeeling First Flush Black Tea Ex 31",42,1413.66,31
"Black Friday Only | Classic Tea Sampler, Gift Set, 24 Teas With Free Shimmer Cup",39,546.39,28
"Psyllium Husk 1820mg with Probiotics (2 Billion CFU)",39,1169.03,34
"FREE Mystery Gift",38,4.99,37
"FREE Wooden Scoop",38,1.99,38
"Christmas Tea Gift Set, 9 Individually Wrapped Tea Bags",37,438.23,25
"FREE Stainless Steel Straw",36,1.99,36
"FREE Cash Credit",35,0,35
"FREE Recipe Booklet",35,0,35
"FREE Aroma Bean Pouch",35,0,35
"FREE Plantable Paper",35,0,35
"2026 Castleton Premium Darjeeling First Flush Black Tea DJ FF BT-100g",34,977.69,12
"Cardamom Masala Chai Tea, 30 Count",34,435.17,33
"Black Pepper Powder, 2.47 Oz, 70g",33,212.75,25
"Cosmos Tea Cup (250ml)",32,416.94,23
"Ashwagandha Coffee (40 Servings)",32,1110.78,29
"2025 Giddapahar Premium Darjeeling First Flush Black Tea DJ 11",31,714.73,23
"Drift Mug for Grandma, Insulated, 10.1 Oz, 300ml",31,381.31,27
"Lychee Rose Iced Tea | 26 Pitcher Tea Bags",30,520.19,27
"Berberine 1200 mg with Cinnamon Extract & Milk Thistle",30,1170.33,28
"Ashwagandha Coffee (240 Servings)",28,3287.71,27
"Turmeric Tea Bundle, Set of 3",25,1365.15,25
"Weekend in New York, Gift Set, 9 Teas",25,713.45,25
"Advent Calendar Tea Gift Set, 24 Teas",23,522.31,14
"VAHDAM® Signature Frother",22,195,22
"Verve Bottle Insulated (Blush Pink)",21,0,21
"2025 Margaret's Hope Premium Darjeeling Second Flush Black Tea  DJ 331 (Pack of 4)",16,1158.41,15
"Black Friday Only | Foldable Advent Calendar Tea Gift, 24 Teas, 1.69 Oz, 48g With Free Shimmer Cup",16,276.35,11
"Ashwagandha Coffee (120 Servings)",15,1183.85,15
"Amla Powder, 2.47 Oz, 70g",15,116.66,12
"2026 Margaret's Hope Premium Darjeeling First Flush Black Tea-100g",15,434.85,10
"Drift Mug for Teacher, Insulated, 10.1 Oz, 300ml",15,130.67,13
"2025 Jungpana Muscatel Darjeeling Second Flush Black Tea DJ 120 (Pack of 4)",14,1055.48,14
"World Tea Sampler + Free GIFTS",13,718.89,13
"Bacopa 1000 mg High Strength Capsules",13,395.42,12
"Chai Tea Bundle, Set of 4",12,471.31,12
"Halloween Tea Assortment, 9 Teas",11,155.92,9
"Black Tea Bundle, Set of 4",11,556.4,10
"20 Teas Loose Leaf Sampler | Buy 1 Get 1 Free",10,539.9,10
"Turmeric Ginger with 1500mg Curcuminoids",10,313.9,10
"Shatavari 1000mg High Strength",10,322.94,9
"Ashwagandha Coffee 3 Packs",10,799.9,10
"Onion Powder, 2.47 Oz, 70g",10,74.7,10
"Ashwagandha Coffee - 80 Servings",8,479.92,8
"Halloween Mug, Insulated, 11.8 Oz, 350ml (Black)",8,145.92,6
"2026 Margaret's Hope Moonlight Darjeeling First Flush Black Tea-50g",8,327.53,7
"2026 Barnesbeg Premium Darjeeling First Flush Black Tea FF BT-100g",7,155.19,7
"2026 Okayti Premium Darjeeling First Flush Black Tea DJ FF BT-100g",7,186.23,7
"Black Friday Offer | Assorted Tea Bags Sampler, (40 Pyramid Tea Bags) With Free Shimmer Cup",6,134.94,6
"Best Seller Bundle, Set of 4",6,448.35,6
"Rover Bottle Insulated (Mint Green)",5,0,5
"2026 Jungpana Premium Darjeeling First Flush Black Tea DJ FF BT-100g/Pack of 4",5,509.45,5
"Green Tea Bundle, Set of 4",5,345,5
"2026 Badamtam Premium Darjeeling First Flush Black Tea-100g",5,127.35,5
"2025 Giddapahar Classic Darjeeling Second Flush Black Tea DJ 74 (Pack of 4)",5,587.8,5
"2025 Halmari Clonal Assam Second Flush Black Tea 533 (Pack of 4)",4,436.65,4
"Vahdam E-Gift Card 100",4,0,0
"Hanukkah Tea Assortment, 9 Teas, 0.63 Oz, 18g",4,54.26,3
"Ashwagandha Coffee - Pack of 2",4,99.98,2
,3,-3496.99,3
"2026 Arya Diamond Darjeeling First Flush Black Tea DJ FF BT/ Pack of 4",3,417.57,2
"Drift Mug for Grandpa, Insulated, 10.1 Oz, 300ml",3,55.07,3
"2025 Castleton Moonlight Darjeeling Second Flush Black Tea DJ 373 (Pack of 4)",3,335.88,3
"Ashwagandha Coffee 6 Packs (BUY 3 GET 3 FREE)",2,239.98,2
"Drift Mug for Dad, Insulated, 10.1 Oz, 300ml",2,34.18,2
"Drift Mug for Best Friend, Insulated, 10.1 Oz, 300ml",2,59.98,2
"English Breakfast Black Tea: Single Serve Tea Pods",2,35.98,2
"Earl Grey Black Tea: Single Serve Tea Pods",2,35.98,2
"Drift Mug for Wife, Insulated, 10.1 Oz, 300ml",2,53.98,2
"2025 Okayti Premium Darjeeling First Flush Black Tea OKT 07 (Pack of 4)",1,99.99,1
"2026 Giddapahar Premium Darjeeling First Flush Tea DJ FF BT/ 100g/ Pack of 4",1,104.99,1
"Cumin Powder,2.47 Oz, 70g",1,7.99,1
"Vahdam E-Gift Card 250",1,0,0
